{"V6": -0.08,
 "III": 0.14,
 "age": 54.0,
 "V2": -0.09,
 "V5": -0.145,
 "V4": -0.21,
 "weight": 69.84184514003294,
 "I": -0.005,
 "sex": 0.0,
 "II": 0.135,
 "V3": -0.11,
 "V1": -0.125,
 "aVR": -0.073,
 "height": 166.7963558413719,
 "ritmi": 2.0,
 "aVF": -0.065,
 "aVL": 0.137,
 "name": "test1"
 }
